,lat,lon,anom
0,-62.5,-58.5,-1.306666667
1,-54.5,-37.5,3.941071429
2,-53.5,-73.5,1.52644
3,-52.5,169.5,-0.1103
4,-52.5,169.5,0.289591667
5,-50.5,-74.5,0.664666667
6,-50.5,6.5,-1.7230370369999999
7,-49.5,-74.5,1.5291005290000002
8,-43.5,51.5,-0.36666666700000006
9,-42.5,146.5,0.435166667
10,-36.5,174.5,0.85
11,-34.5,17.5,-2.56205
12,-24.5,28.5,0.29225
13,-18.5,37.5,0.016666667
14,12.5,-61.5,0.122
15,14.5,57.5,0.95
16,14.5,123.5,0.273333333
17,18.5,57.5,0.0105
18,24.5,102.5,2.541714286
19,26.5,99.5,0.4202
20,32.5,-4.5,-0.215
21,33.5,-116.5,0.4405
22,33.5,-78.5,0.306616667
23,33.5,-119.5,0.5335
24,34.5,97.5,0.401898333
25,34.5,-95.5,0.760166667
26,36.5,100.5,5.457142857000001
27,37.5,96.5,-2.9555406000000004
28,37.5,-108.5,-0.6657616670000001
29,37.5,-107.5,-1.0656785709999999
30,37.5,-111.5,-0.6333333329999999
31,38.5,-119.5,0.284466667
32,38.5,43.5,0.42555102200000006
33,38.5,-106.5,1.042066667
34,38.5,-107.5,0.031
35,38.5,-107.5,-2.513083333
36,39.5,-114.5,-0.309577778
37,39.5,-105.5,0.747657143
38,40.5,-105.5,-2.18715
39,41.5,140.5,0.402713786
40,41.5,-0.5,-3.9445170039999997
41,41.5,-74.5,0.5439285739999999
42,41.5,-74.5,0.465158731
43,41.5,-84.5,0.20102381
44,41.5,-86.5,-0.024
45,41.5,23.5,-0.30071428
46,41.5,-73.5,0.47025
47,41.5,-70.5,0.08516666699999999
48,42.5,-71.5,0.889583331
49,42.5,-73.5,-0.652714286
50,42.5,126.5,4.688166667
51,42.5,126.5,-1.2309375
52,42.5,-73.5,0.278866667
53,42.5,-73.5,-0.267
54,42.5,-72.5,0.876408163
55,42.5,-109.5,-2.515
56,43.5,-6.5,0.629196429
57,43.5,-89.5,0.44658333299999997
58,43.5,-93.5,-0.916583333
59,43.5,-3.5,-0.655428573
60,43.5,-80.5,-0.441
61,43.5,-80.5,-0.4575
62,43.5,-95.5,-0.735063492
63,43.5,-88.5,0.244375
64,43.5,-89.5,0.367775
65,43.5,-85.5,1.1753833329999999
66,43.5,28.5,-5.571999996000001
67,43.5,-2.5,-0.025714286
68,43.5,40.5,3.228095233
69,43.5,-69.5,0.02275
70,44.5,-70.5,0.247875
71,44.5,-87.5,1.3426666669999998
72,44.5,-78.5,-0.39735
73,44.5,7.5,3.499238093
74,44.5,10.5,2.810119046
75,44.5,-123.5,-0.11800000000000001
76,44.5,10.5,1.322708333
77,44.5,10.5,0.956785714
78,44.5,-76.5,0.312055556
79,44.5,-93.5,0.4375
80,44.5,-99.5,1.1069
81,44.5,-69.5,-0.0015
82,45.5,-68.5,0.5144
83,45.5,-93.5,0.408111111
84,45.5,-68.5,0.656468253
85,45.5,-77.5,0.318833333
86,45.5,-79.5,0.5578125
87,45.5,5.5,0.182698412
88,45.5,-73.5,0.668533333
89,45.5,-70.5,0.9640714290000001
90,45.5,-122.5,0.769270833
91,45.5,-120.5,1.524
92,45.5,-73.5,0.7929999999999999
93,45.5,-73.5,0.043133332999999996
94,46.5,-77.5,1.0400625
95,46.5,7.5,5.913523808
96,46.5,-95.5,-0.30975
97,46.5,8.5,5.987795919
98,46.5,7.5,1.9458571409999998
99,46.5,-94.5,0.299325
100,46.5,7.5,4.003632655
101,46.5,7.5,4.201190478
102,46.5,152.5,-0.456997217
103,46.5,-78.5,1.060452381
104,46.5,8.5,2.894081635
105,46.5,32.5,-3.271857147
106,46.5,6.5,0.6990793679999999
107,46.5,-73.5,0.85375
108,46.5,11.5,3.093952382
109,46.5,-88.5,1.277142857
110,46.5,7.5,0.303671848
111,46.5,7.5,-0.051699087000000005
112,46.5,-87.5,1.388333333
113,46.5,-70.5,1.0455
114,46.5,8.5,1.806190475
115,46.5,17.5,-4.504642859
116,46.5,7.5,0.7385714309999999
117,46.5,7.5,-0.38071428
118,46.5,-98.5,0.249775
119,46.5,10.5,0.529166668
120,46.5,-94.5,2.326250002
121,47.5,11.5,2.7544387739999996
122,47.5,11.5,3.7239285730000002
123,47.5,7.5,-1.179460316
124,47.5,11.5,-0.33466836699999997
125,47.5,-64.5,0.881559524
126,47.5,-93.5,1.21815
127,47.5,-1.5,0.397214286
128,47.5,-2.5,4.437817464
129,47.5,-1.5,2.276023807
130,47.5,-93.5,1.095333333
131,47.5,-53.5,-0.1835
132,47.5,12.5,-0.155714284
133,47.5,24.5,0.378666667
134,47.5,8.5,2.199523809
135,47.5,-70.5,-0.074675
136,47.5,8.5,1.951836735
137,47.5,-93.5,1.581833333
138,48.5,6.5,-0.037000001
139,48.5,-64.5,0.876166667
140,48.5,8.5,2.130297621
141,48.5,-0.5,1.819761908
142,48.5,8.5,1.869965334
143,48.5,-124.5,-0.18001388899999998
144,48.5,-123.5,-0.451111111
145,49.5,-120.5,0.7275666670000001
146,49.5,-120.5,0.971333333
147,49.5,117.5,0.0105
148,49.5,-65.5,6.63925
149,49.5,-0.5,1.793571435
150,49.5,19.5,-1.934880954
151,49.5,-121.5,-0.30375
152,49.5,21.5,-0.499297053
153,49.5,-74.5,-0.175119048
154,49.5,-1.5,-0.248775511
155,49.5,21.5,5.380238095
156,49.5,25.5,1.306071425
157,49.5,-117.5,0.9045714290000001
158,49.5,-102.5,3.1546
159,49.5,-121.5,4.559083333
160,50.5,-56.5,1.3808333330000002
161,50.5,6.5,0.655214555
162,50.5,6.5,0.486370819
163,50.5,11.5,-1.9365714280000002
164,50.5,-74.5,0.65137037
165,50.5,-66.5,2.1835
166,50.5,16.5,-0.205000005
167,50.5,-99.5,2.224
168,50.5,-55.5,7.505145832999999
169,50.5,0.5,1.3199795909999998
170,51.5,-100.5,2.679333333
171,51.5,23.5,0.9623809529999999
172,52.5,101.5,-0.376
173,52.5,-67.5,-1.17125
174,52.5,-58.5,2.94625
175,52.5,17.5,3.208785714
176,52.5,-56.5,0.1229
177,52.5,17.5,1.6418809540000001
178,52.5,17.5,2.8455555539999997
179,52.5,20.5,0.155488095
180,52.5,17.5,2.672761904
181,52.5,19.5,2.91929365
182,52.5,17.5,0.726058201
183,52.5,-66.5,0.26916666699999997
184,52.5,-131.5,0.041866667
185,53.5,8.5,-1.1698571420000001
186,53.5,8.5,0.040714286
187,53.5,20.5,3.250476187
188,53.5,17.5,-0.8255
189,53.5,-66.5,0.96425
190,54.5,28.5,0.47428571799999997
191,54.5,18.5,0.505619044
192,54.5,24.5,2.185428571
193,54.5,-69.5,1.083183333
194,54.5,-69.5,0.4715
195,54.5,18.5,1.705
196,54.5,-101.5,1.357
197,54.5,-6.5,-0.7719444440000001
198,54.5,-2.5,-0.47200000000000003
199,55.5,-73.5,0.26425
200,55.5,-62.5,1.0705142859999999
201,55.5,-75.5,-0.309533333
202,55.5,-63.5,0.794166667
203,55.5,80.5,0.457075
204,55.5,-14.5,1.25
205,55.5,-119.5,1.49975
206,55.5,-63.5,-0.191583333
207,55.5,13.5,-1.736666668
208,56.5,-74.5,0.609825
209,56.5,-75.5,-0.015625
210,56.5,-75.5,0.161666667
211,56.5,-64.5,-0.307714286
212,56.5,-119.5,-1.4523333330000001
213,56.5,-64.5,0.8202666670000001
214,56.5,-101.5,-1.34347619
215,56.5,-3.5,-0.306222222
216,57.5,-76.5,0.216464286
217,57.5,-3.5,-0.780476191
218,57.5,14.5,0.831785715
219,57.5,-75.5,-0.066666667
220,58.5,-6.5,0.17328571399999998
221,58.5,-48.5,-0.03925
222,58.5,-71.5,3.043
223,58.5,8.5,0.9884722220000001
224,58.5,7.5,1.004633333
225,58.5,22.5,1.636510203
226,58.5,27.5,0.718911561
227,58.5,7.5,0.23399999999999999
228,58.5,-75.5,0.7020833329999999
229,58.5,13.5,-0.28814286
230,58.5,26.5,0.067730158
231,58.5,-65.5,0.6922666670000001
232,58.5,-20.5,0.071315171
233,59.5,163.5,0.018651778
234,59.5,27.5,0.970714285
235,59.5,163.5,0.072379524
236,59.5,-144.5,-0.995247703
237,59.5,7.5,0.97875
238,59.5,7.5,1.1544
239,59.5,6.5,1.460093334
240,59.5,6.5,1.068625
241,59.5,-104.5,-0.027361111
242,60.5,-129.5,-3.5421
243,60.5,15.5,-0.8524444440000001
244,60.5,-6.5,-1.6480000000000001
245,60.5,25.5,2.9653333330000002
246,60.5,29.5,1.432633333
247,60.5,-150.5,0.7375
248,60.5,7.5,2.623809524
249,60.5,10.5,1.024857143
250,60.5,3.5,0.057666667000000005
251,61.5,-47.5,3.611583333
252,61.5,-138.5,1.002777778
253,61.5,-100.5,-0.39866666700000003
254,61.5,-143.5,0.27721999999999997
255,61.5,8.5,1.944095238
256,61.5,-58.5,-0.411857143
257,61.5,-130.5,0.74775
258,61.5,-145.5,-0.228930556
259,62.5,10.5,0.874125
260,62.5,22.5,1.857714286
261,62.5,9.5,1.07675
262,63.5,9.5,1.500666667
263,63.5,12.5,0.79625
264,63.5,9.5,1.554785714
265,63.5,-65.5,0.39983333299999996
266,64.5,-110.5,0.4714
267,64.5,-127.5,0.35700000000000004
268,64.5,-145.5,-0.131375
269,64.5,-110.5,0.6582592589999999
270,64.5,-138.5,0.170395833
271,64.5,-128.5,1.8932
272,65.5,-138.5,0.11333333300000001
273,65.5,-126.5,0.1868
274,66.5,-145.5,-0.183541313
275,66.5,-66.5,0.696047619
276,66.5,29.5,-2.308095238
277,66.5,36.5,-0.006416666999999999
278,66.5,-104.5,-0.720073333
279,66.5,14.5,1.8166666669999998
280,66.5,59.5,0.837833333
281,66.5,-20.5,0.548688571
282,66.5,7.5,-0.727435396
283,66.5,-51.5,-0.32274918399999997
284,67.5,-50.5,-0.0585
285,67.5,59.5,1.49625
286,67.5,-30.5,0.758
287,67.5,-153.5,3.339
288,67.5,62.5,0.195583333
289,67.5,18.5,1.074277778
290,67.5,62.5,1.7563333330000002
291,67.5,29.5,-0.845533333
292,67.5,32.5,0.5816
293,67.5,20.5,-0.539
294,68.5,20.5,-0.22717600000000002
295,68.5,-29.5,0.639355556
296,68.5,13.5,-2.181249998
297,68.5,65.5,0.85165
298,68.5,-133.5,0.8867857140000001
299,68.5,18.5,2.92825
300,68.5,18.5,-0.88
301,68.5,18.5,1.34375
302,68.5,19.5,1.0553333329999999
303,68.5,-154.5,-1.159298973
304,68.5,18.5,0.9451
305,68.5,19.5,0.039066667
306,68.5,-138.5,1.8698
307,68.5,22.5,0.261546296
308,68.5,17.5,0.9375
309,68.5,-54.5,0.5655555560000001
310,68.5,14.5,0.4008
311,68.5,17.5,1.053
312,68.5,16.5,0.72575
313,68.5,35.5,0.2836
314,68.5,-138.5,-0.32
315,68.5,-106.5,1.4471666669999999
316,69.5,25.5,-0.06721
317,69.5,20.5,0.88652381
318,69.5,21.5,0.500277778
319,69.5,-50.5,1.40775
320,69.5,123.5,2.174816667
321,69.5,-95.5,1.1276620370000001
322,71.5,28.5,3.627777778
323,71.5,-113.5,0.052580667000000005
324,71.5,22.5,0.2025
325,71.5,42.5,-0.137547619
326,71.5,127.5,1.9803333330000001
327,71.5,14.5,0.033633333
328,72.5,-155.5,-1.256977778
329,72.5,-119.5,0.09225
330,72.5,-157.5,0.257777778
331,73.5,102.5,-1.4974666669999999
332,73.5,124.5,3.27
333,73.5,-120.5,1.1058125
334,73.5,-162.5,0.967983333
335,75.5,14.5,-1.345166667
336,75.5,-111.5,0.4881
337,75.5,-82.5,-0.729666667
338,76.5,-68.5,3.47875
339,76.5,-67.5,2.3956
340,76.5,15.5,2.253666667
341,78.5,6.5,0.672
342,79.5,11.5,1.305828571
